nuts318cd,local authority,year,predictedprevalence,latitude,longitude
UKC11,Adur,2020,357,50.845718,-0.32416999
UKC12,Allerdale ,2020,551,54.685242,-3.2809
UKC13,Amber Valley ,2020,746,53.028839,-1.46219
UKC14,Arun ,2020,845,50.843208,-0.64999002
UKC21,Ashfield ,2020,761,53.097469,-1.25422
UKC22,Ashford ,2020,742,51.130959,0.82337397
UKC23,Babergh ,2020,496,52.064499,0.91614902
UKD11,Barking and Dagenham ,2020,"1,307",51.545551,0.12947901
UKD12,Barnet ,2020,"2,476",51.611069,-0.21819
UKD33,Barnsley ,2020,"1,470",53.525768,-1.54925
UKD34,Barrow-in-Furness ,2020,390,54.15731,-3.1998999
UKD35,Basildon ,2020,"1,091",51.590359,0.47505501
UKD36,Basingstoke and Deane ,2020,"1,055",51.259369,-1.22021
UKD37,Bassetlaw ,2020,686,53.356041,-0.97869998
UKD41,Bath and North East Somerset ,2020,"1,226",51.356041,-2.4865401
UKD42,Bedford ,2020,"1,011",52.196281,-0.45462999
UKD44,Bexley ,2020,"1,475",51.458221,0.146212
UKD45,Birmingham ,2020,"7,088",52.484039,-1.88141
UKD46,Blaby ,2020,595,52.577061,-1.1988699
UKD47,Blackburn with Darwen ,2020,899,53.700802,-2.4635999
UKD61,Blackpool ,2020,821,53.82164,-3.0219901
UKD62,Bolsover ,2020,485,53.23875,-1.27228
UKD63,Bolton ,2020,"1,682",53.584492,-2.4795201
UKD71,Boston ,2020,419,52.97794,-0.11218
UKD72,"Bournemouth, Christchurch and Poole ",2020,"2,381",50.74609,-1.84807
UKD73,Bracknell Forest ,2020,755,51.411301,-0.73363
UKD74,Bradford ,2020,"3,145",53.843819,-1.87389
UKE11,Braintree ,2020,871,51.91634,0.57591099
UKE12,Breckland ,2020,790,52.594212,0.81871599
UKE13,Brent ,2020,"2,216",51.564381,-0.27568001
UKE21,Brentwood ,2020,432,51.641079,0.29009101
UKE22,Brighton and Hove ,2020,"2,070",50.8465,-0.15079001
UKE31,"Bristol, City of ",2020,"3,194",51.471149,-2.57742
UKE32,Broadland ,2020,717,52.69622,1.252317
UKE41,Bromley ,2020,"1,937",51.372662,0.039246
UKE42,Bromsgrove ,2020,570,52.361691,-2.0037601
UKE44,Broxbourne ,2020,563,51.720798,-0.050730001
UKE45,Broxtowe ,2020,693,52.972099,-1.2594399
UKF11,Buckinghamshire ,2020,"3,130",51.769661,-0.80568999
UKF12,Burnley ,2020,511,53.774059,-2.2307999
UKF13,Bury ,2020,"1,116",53.593102,-2.3088
UKF14,Calderdale ,2020,"1,236",53.720482,-1.96182
UKF15,Cambridge ,2020,896,52.200169,0.126436
UKF16,Camden ,2020,"1,904",51.543049,-0.16291
UKF21,Cannock Chase ,2020,616,52.70166,-1.98277
UKF22,Canterbury ,2020,"1,016",51.281021,1.096342
UKF24,Carlisle ,2020,621,54.978329,-2.80498
UKF25,Castle Point ,2020,495,51.561588,0.58808398
UKF30,Central Bedfordshire ,2020,"1,716",51.999031,-0.47753999
UKG11,Charnwood ,2020,"1,200",52.739899,-1.13694
UKG12,Chelmsford ,2020,"1,063",51.735031,0.49117699
UKG13,Cheltenham ,2020,711,51.898609,-2.07515
UKG21,Cherwell ,2020,902,51.887199,-1.28506
UKG22,Cheshire East ,2020,"2,145",53.167931,-2.29299
UKG23,Cheshire West and Chester ,2020,"1,963",53.163361,-2.70298
UKG24,Chesterfield ,2020,621,53.255749,-1.40115
UKG31,Chichester ,2020,650,50.941769,-0.71630001
UKG32,Chorley ,2020,713,53.672401,-2.61921
UKG33,City of London ,2020,66,51.51564,-0.093510002
UKG36,Colchester ,2020,"1,231",51.877022,0.85977697
UKG37,Copeland ,2020,396,54.466171,-3.3766401
UKG38,Corby ,2020,446,50.450218,-4.64254
UKG39,Cornwall ,2020,"3,161",51.772549,-1.97059
UKH11,Cotswold ,2020,499,54.685131,-1.8405
UKH12,Coventry ,2020,"2,540",52.41423,-1.51908
UKH14,Craven ,2020,304,54.053761,-2.16168
UKH15,Crawley ,2020,712,51.123569,-0.19532999
UKH16,Croydon ,2020,"2,330",51.365971,-0.077610001
UKH17,Dacorum ,2020,919,51.768452,-0.55097997
UKH21,Darlington ,2020,609,54.535339,-1.56835
UKH23,Dartford ,2020,693,51.433731,0.245276
UKH24,Derby ,2020,"1,556",52.914639,-1.47189
UKH25,Derbyshire Dales ,2020,400,53.12326,-1.70711
UKH31,Doncaster ,2020,"1,877",53.52697,-1.10894
UKH32,Dorset ,2020,"1,984",50.79697,-2.41467
UKH34,Dover ,2020,680,51.211761,1.2768871
UKH35,Dudley ,2020,"1,853",52.495129,-2.1017101
UKH36,Ealing ,2020,"2,170",51.524422,-0.3141
UKH37,East Cambridgeshire ,2020,509,52.35788,0.283149
UKI31,East Devon ,2020,752,50.757599,-3.2235899
UKI32,East Hampshire ,2020,666,51.057652,-0.93971002
UKI33,East Hertfordshire ,2020,875,51.864849,0.002739
UKI34,East Lindsey ,2020,733,53.264462,0.020516001
UKI41,East Riding of Yorkshire ,2020,"1,873",53.881119,-0.66194999
UKI42,East Staffordshire ,2020,719,52.83651,-1.81438
UKI43,East Suffolk ,2020,"1,319",52.243992,1.4561861
UKI44,Eastbourne ,2020,569,50.773869,0.25851601
UKI45,Eastleigh ,2020,770,50.948719,-1.32943
UKI51,Eden ,2020,296,54.631069,-2.62678
UKI52,Elmbridge ,2020,759,51.360981,-0.39441001
UKI53,Enfield ,2020,"2,029",51.648891,-0.081440002
UKI54,Epping Forest ,2020,760,51.712791,0.154147
UKI61,Epsom and Ewell ,2020,460,51.339451,-0.26172
UKI62,Erewash ,2020,678,52.938202,-1.3509001
UKI63,Exeter ,2020,902,50.717819,-3.51368
UKI71,Fareham ,2020,662,50.853882,-1.23742
UKI72,Fenland ,2020,592,52.535439,0.009016
UKI73,Folkestone and Hythe ,2020,647,51.072128,1.000795
UKI74,Forest of Dean ,2020,491,51.812489,-2.47755
UKI75,Fylde ,2020,442,53.797089,-2.9191401
UKJ11,Gateshead ,2020,"1,236",54.931149,-1.68694
UKJ12,Gedling ,2020,689,53.024342,-1.1190701
UKJ13,Gloucester ,2020,792,51.846409,-2.23263
UKJ14,Gosport ,2020,500,50.806358,-1.16731
UKJ21,Gravesham ,2020,618,51.396488,0.39874399
UKJ22,Great Yarmouth ,2020,554,52.684391,1.64951
UKJ25,Greenwich ,2020,"1,959",51.46394,0.050092999
UKJ26,Guildford ,2020,957,51.253658,-0.56256998
UKJ27,Hackney ,2020,"1,993",51.55492,-0.060449999
UKJ28,Halton ,2020,748,53.33424,-2.68853
UKJ31,Hambleton ,2020,506,54.30872,-1.34049
UKJ32,Hammersmith and Fulham ,2020,"1,309",51.487331,-0.21735001
UKJ34,Harborough ,2020,535,52.537659,-0.90228999
UKJ35,Haringey ,2020,"1,881",51.587711,-0.1067
UKJ36,Harlow ,2020,512,51.76614,0.103888
UKJ37,Harrogate ,2020,883,54.07708,-1.58161
UKJ41,Harrow ,2020,"1,533",51.594669,-0.33598
UKJ43,Hart ,2020,567,51.281971,-0.88321
UKJ44,Hartlepool ,2020,540,54.67614,-1.27018
UKJ45,Hastings ,2020,542,50.867241,0.57839501
UKJ46,Havant ,2020,708,50.872311,-1.00398
UKK11,Havering ,2020,"1,519",51.565189,0.235368
UKK12,"Herefordshire, County of ",2020,"1,102",52.081539,-2.73931
UKK13,Hertsmere ,2020,583,51.680168,-0.26899001
UKK14,High Peak ,2020,549,53.385689,-1.84398
UKK15,Hillingdon ,2020,"1,953",51.53664,-0.44182
UKK21,Hinckley and Bosworth ,2020,660,52.608768,-1.41755
UKK22,Horsham ,2020,807,51.00272,-0.38126001
UKK23,Hounslow ,2020,"1,781",51.462379,-0.37854999
UKK30,Huntingdonshire ,2020,"1,066",52.353149,-0.2247
UKK41,Hyndburn ,2020,471,53.756481,-2.3896401
UKK42,Ipswich ,2020,836,52.05592,1.166145
UKK43,Isle of Wight ,2020,764,50.671291,-1.33366
UKL11,Isles of Scilly ,2020,14,49.923321,-6.3021698
UKL12,Islington ,2020,"1,826",51.54546,-0.10989
UKL13,Kensington and Chelsea ,2020,"1,041",51.496479,-0.18977
UKL14,King's Lynn and West Norfolk ,2020,823,52.71283,0.533243
UKL15,"Kingston upon Hull, City of ",2020,"1,669",53.769199,-0.30382001
UKL16,Kingston upon Thames ,2020,"1,138",51.39296,-0.28367001
UKL17,Kirklees ,2020,"2,625",53.64233,-1.7808501
UKL18,Knowsley ,2020,856,53.437881,-2.8329699
UKL21,Lambeth ,2020,"2,421",51.464451,-0.11385
UKL22,Lancaster ,2020,888,54.07901,-2.6603
UKL23,Leeds ,2020,"4,948",53.822731,-1.50736
UKL24,Leicester ,2020,"2,353",52.635921,-1.1303999
UKM50,Lewes ,2020,562,50.833408,0.007671
UKM61,Lewisham ,2020,"2,095",51.442299,-0.017340001
UKM62,Lichfield ,2020,597,52.696152,-1.7604899
UKM63,Lincoln ,2020,664,53.219212,-0.55848002
UKM64,Liverpool ,2020,"3,331",53.408298,-2.91364
UKM65,Luton ,2020,"1,323",51.891022,-0.42319
UKM66,Maidstone ,2020,"1,004",51.235661,0.58406103
UKM71,Maldon ,2020,359,51.774578,0.77310598
UKM72,Malvern Hills ,2020,419,52.16758,-2.3308899
UKM73,Manchester ,2020,"3,865",53.470089,-2.2335899
UKM75,Mansfield ,2020,654,53.16703,-1.17804
UKM76,Medway ,2020,"1,676",51.44772,0.56317401
UKM77,Melton ,2020,287,52.803291,-0.85439998
UKM78,Mendip ,2020,639,51.194759,-2.54178
UKM81,Merton ,2020,"1,318",51.41058,-0.18867999
UKM82,Mid Devon ,2020,451,50.86882,-3.5921199
UKM83,Mid Suffolk ,2020,584,52.21859,1.096953
UKM84,Mid Sussex ,2020,852,51.059528,-0.10272
UKM91,Middlesbrough ,2020,842,54.54467,-1.21099
UKM92,Milton Keynes ,2020,"1,629",52.072411,-0.74070001
UKM93,Mole Valley ,2020,486,51.227489,-0.30603001
UKM94,New Forest ,2020,931,50.857479,-1.59293
UKM95,Newark and Sherwood ,2020,707,53.1096,-0.94643003
UKN06,Newcastle upon Tyne ,2020,"2,039",55.021,-1.65297
UKN07,Newcastle-under-Lyme ,2020,799,53.003448,-2.3263099
UKN08,Newham ,2020,"2,623",51.53149,0.027261
UKN09,North Devon ,2020,536,51.07621,-3.9269099
UKN10,North East Derbyshire ,2020,571,53.16243,-1.44253
UKN11,North East Lincolnshire ,2020,913,53.52327,-0.13911
UKN12,North Hertfordshire ,2020,783,51.957378,-0.22314
UKN13,North Kesteven ,2020,655,53.080582,-0.47670001
UKN14,North Lincolnshire ,2020,"1,003",53.58643,-0.52407002
UKN15,North Norfolk ,2020,534,52.833889,1.132099
UKN16,North Somerset ,2020,"1,189",51.39706,-2.75438
,North Tyneside ,2020,"1,211",55.028961,-1.50923
,North Warwickshire ,2020,390,52.564838,-1.6242
,North West Leicestershire ,2020,620,52.7425,-1.4220901
,Northampton ,2020,"1,383",52.25006,-1
,Northumberland ,2020,"1,793",55.300369,-2.0752299
,Norwich ,2020,953,52.640129,1.284979
,Nottingham ,2020,"2,305",52.954189,-1.16667
,Nuneaton and Bedworth ,2020,756,52.500938,-1.47965
,Oadby and Wigston ,2020,318,52.588749,-1.0930001
,Oldham ,2020,"1,394",53.557678,-2.0527401
,Oxford ,2020,"1,078",51.753571,-1.24405
,Oxfordshire ,2020,"4,226",51.74439,-1.23648
,Pendle ,2020,531,53.88636,-2.18957
,Peterborough ,2020,"1,245",52.59214,-0.26874
,Plymouth ,2020,"1,636",50.404942,-4.1129699
,Portsmouth ,2020,"1,462",50.807999,-1.07006
,Preston ,2020,911,53.822021,-2.7180901
,Reading ,2020,"1,081",51.453018,-0.99071002
,Redbridge ,2020,"1,954",51.58588,0.070084997
,Redcar and Cleveland ,2020,768,54.56752,-1.00608
,Redditch ,2020,502,52.285412,-1.9471
,Reigate and Banstead ,2020,871,51.258461,-0.19870999
,Ribble Valley ,2020,341,53.9245,-2.4173999
,Richmond upon Thames ,2020,"1,183",51.44035,-0.28913999
,Richmondshire ,2020,343,54.357609,-1.98552
,Rochdale ,2020,"1,320",53.60741,-2.14784
,Rochford ,2020,503,51.5909,0.683442
,Rossendale ,2020,421,53.68478,-2.2614901
,Rother ,2020,484,50.948711,0.54293698
,Rotherham ,2020,"1,551",53.395531,-1.28651
,Rugby ,2020,639,52.382278,-1.31828
,Runnymede ,2020,558,51.392731,-0.53855002
,Rushcliffe ,2020,698,52.912399,-1.01097
,Rushmoor ,2020,609,51.278149,-0.76806998
,Rutland ,2020,228,52.667648,-0.62629998
,Ryedale ,2020,301,54.200211,-0.84276998
,Salford ,2020,"1,687",53.479271,-2.38485
,Sandwell ,2020,"1,986",52.514771,-2.00771
,Scarborough ,2020,586,54.3465,-0.52778
,Sedgemoor ,2020,684,51.19186,-2.8824601
,Sefton ,2020,"1,532",53.482101,-2.99177
,Selby ,2020,527,53.733269,-1.1290801
,Sevenoaks ,2020,668,51.275631,0.188936
,Sheffield ,2020,"3,780",53.40358,-1.54254
,Shropshire ,2020,"1,859",52.62212,-2.73667
,Slough ,2020,930,51.503502,-0.57617003
,Solihull ,2020,"1,216",52.431,-1.71558
,Somerset West and Taunton ,2020,841,51.06348,-3.3576601
,South Cambridgeshire ,2020,914,52.108051,0.091017
,South Derbyshire ,2020,646,52.824902,-1.5348001
,South Gloucestershire ,2020,"1,748",51.54673,-2.4692199
,South Hams ,2020,455,50.371948,-3.8199601
,South Holland ,2020,533,52.787579,-0.03057
,South Kesteven ,2020,778,52.84885,-0.49564999
,South Lakeland ,2020,566,54.29908,-2.78108
,South Norfolk ,2020,774,52.51218,1.373233
,South Northamptonshire ,2020,539,52.11666,-1.03361
,South Oxfordshire ,2020,815,51.622879,-1.07847
,South Ribble ,2020,634,53.726749,-2.7287099
,South Somerset ,2020,923,50.98399,-2.7758801
,South Staffordshire ,2020,662,52.696918,-2.1549499
,South Tyneside ,2020,881,54.969879,-1.44679
,Southampton ,2020,"1,749",50.9212,-1.39952
,Southend-on-Sea ,2020,"1,080",51.549171,0.70692301
,Southwark ,2020,"2,312",51.465939,-0.073080003
,Spelthorne ,2020,585,51.41552,-0.46254
,St Albans ,2020,836,51.77356,-0.3407
,St. Helens ,2020,"1,063",53.458618,-2.7031
,Stafford ,2020,807,52.847919,-2.1647501
,Staffordshire Moorlands ,2020,556,53.069241,-1.99334
,Stevenage ,2020,539,51.905392,-0.18987
,Stockport ,2020,"1,684",53.391159,-2.12467
,Stockton-on-Tees ,2020,"1,164",54.556911,-1.30664
,Stoke-on-Trent ,2020,"1,582",53.017071,-2.15888
,Stratford-on-Avon ,2020,717,52.161541,-1.63565
,Stroud ,2020,685,51.720009,-2.3081801
,Sunderland ,2020,"1,650",54.857189,-1.43344
,Surrey Heath ,2020,520,51.336102,-0.68985999
,Sutton ,2020,"1,236",51.357552,-0.17226
,Swale ,2020,877,51.32251,0.77689302
,Swindon ,2020,"1,385",51.577629,-1.73367
,Tameside ,2020,"1,349",53.478668,-2.0769999
,Tamworth ,2020,442,52.620312,-1.68451
,Tandridge ,2020,496,51.235809,-0.048050001
,Teignbridge ,2020,734,50.60981,-3.65289
,Telford and Wrekin ,2020,"1,084",52.714169,-2.4894099
,Tendring ,2020,748,51.856739,1.108981
,Test Valley ,2020,717,51.134171,-1.50214
,Tewkesbury ,2020,540,51.934849,-2.19998
,Thanet ,2020,773,51.35252,1.328226
,Three Rivers ,2020,534,51.656319,-0.45005
,Thurrock ,2020,"1,060",51.509979,0.33486101
,Tonbridge and Malling ,2020,754,51.260639,0.34930599
,Torbay ,2020,742,50.470921,-3.5552299
,Torridge ,2020,366,50.907391,-4.2172799
,Tower Hamlets ,2020,"2,488",51.515541,-0.03647
,Trafford ,2020,"1,381",53.41671,-2.36572
,Tunbridge Wells ,2020,689,51.102539,0.471632
,Uttlesford ,2020,520,51.935921,0.294485
,Vale of White Horse ,2020,807,51.65443,-1.48543
,Wakefield ,2020,"2,078",53.659222,-1.42092
,Walsall ,2020,"1,663",52.60503,-1.97044
,Waltham Forest ,2020,"1,858",51.594608,-0.0188
,Wandsworth ,2020,"2,253",51.4524,-0.20021001
,Warrington ,2020,"1,265",53.391628,-2.5616701
,Warwick ,2020,906,52.301418,-1.58369
,Watford ,2020,601,51.6717,-0.40428999
,Waverley ,2020,689,51.15686,-0.62343001
,Wealden ,2020,858,50.93322,0.205156
,Wellingborough ,2020,457,52.3033,-0.67777
,Welwyn Hatfield ,2020,791,51.760872,-0.18517999
,West Devon ,2020,301,50.66481,-4.0336099
,West Lancashire ,2020,650,53.612831,-2.8689301
,West Lindsey ,2020,519,53.40044,-0.50774002
,West Oxfordshire ,2020,632,51.839901,-1.50292
,West Suffolk ,2020,"1,059",52.308418,0.65276903
,Westminster ,2020,"1,923",51.512211,-0.15295
,Wigan,2020,"1,972",53.51445,-2.5724699
,Wiltshire,2020,"2,928",51.328831,-1.92661
,Winchester,2020,707,51.030022,-1.24393
,Windsor and Maidenhead,2020,875,51.480339,-0.67540997
,Wirral,2020,"1,812",53.374779,-3.0670099
,Woking,2020,599,51.308369,-0.57981998
,Wokingham,2020,"1,002",51.422958,-0.89934999
,Wolverhampton,2020,"1,596",52.597881,-2.12746
,Worcester,2020,634,52.19482,-2.2102499
,Worthing,2020,627,50.833099,-0.40127
,Wychavon,2020,715,52.12886,-2.01614
,Wyre Forest,2020,567,53.89991,-2.8035901
,Wyre,2020,598,52.3853,-2.2349401
,York,2020,"1,351",53.96582,-1.07375
,Adur,2025,357,50.845718,-0.32416999
,Allerdale ,2025,537,54.685242,-3.2809
,Amber Valley ,2025,755,53.028839,-1.46219
,Arun ,2025,873,50.843208,-0.64999002
,Ashfield ,2025,787,53.097469,-1.25422
,Ashford ,2025,774,51.130959,0.82337397
,Babergh ,2025,503,52.064499,0.91614902
,Barking and Dagenham ,2025,"1,361",51.545551,0.12947901
,Barnet ,2025,"2,562",51.611069,-0.21819
,Barnsley ,2025,"1,489",53.525768,-1.54925
,Barrow-in-Furness ,2025,376,54.15731,-3.1998999
,Basildon ,2025,"1,107",51.590359,0.47505501
,Basingstoke and Deane ,2025,"1,042",51.259369,-1.22021
,Bassetlaw ,2025,688,53.356041,-0.97869998
,Bath and North East Somerset ,2025,"1,265",51.356041,-2.4865401
,Bedford ,2025,"1,020",52.196281,-0.45462999
,Bexley ,2025,"1,503",51.458221,0.146212
,Birmingham ,2025,"7,244",52.484039,-1.88141
,Blaby ,2025,628,52.577061,-1.1988699
,Blackburn with Darwen ,2025,894,53.700802,-2.4635999
,Blackpool ,2025,798,53.82164,-3.0219901
,Bolsover ,2025,493,53.23875,-1.27228
,Bolton ,2025,"1,685",53.584492,-2.4795201
,Boston ,2025,436,52.97794,-0.11218
,"Bournemouth, Christchurch and Poole ",2025,"2,370",50.74609,-1.84807
,Bracknell Forest ,2025,757,51.411301,-0.73363
,Bradford ,2025,"3,155",53.843819,-1.87389
,Braintree ,2025,864,51.91634,0.57591099
,Breckland ,2025,805,52.594212,0.81871599
,Brent ,2025,"2,232",51.564381,-0.27568001
,Brentwood ,2025,432,51.641079,0.29009101
,Brighton and Hove ,2025,"2,105",50.8465,-0.15079001
,"Bristol, City of ",2025,"3,308",51.471149,-2.57742
,Broadland ,2025,734,52.69622,1.252317
,Bromley ,2025,"1,974",51.372662,0.039246
,Bromsgrove ,2025,588,52.361691,-2.0037601
,Broxbourne ,2025,557,51.720798,-0.050730001
,Broxtowe ,2025,704,52.972099,-1.2594399
,Buckinghamshire ,2025,"3,150",51.769661,-0.80568999
,Burnley ,2025,504,53.774059,-2.2307999
,Bury ,2025,"1,128",53.593102,-2.3088
,Calderdale ,2025,"1,223",53.720482,-1.96182
,Cambridge ,2025,883,52.200169,0.126436
,Camden ,2025,"1,997",51.543049,-0.16291
,Cannock Chase ,2025,632,52.70166,-1.98277
,Canterbury ,2025,"1,029",51.281021,1.096342
,Carlisle ,2025,603,54.978329,-2.80498
,Castle Point ,2025,489,51.561588,0.58808398
,Central Bedfordshire ,2025,"1,761",51.999031,-0.47753999
,Charnwood ,2025,"1,253",52.739899,-1.13694
,Chelmsford ,2025,"1,095",51.735031,0.49117699
,Cheltenham ,2025,708,51.898609,-2.07515
,Cherwell ,2025,921,51.887199,-1.28506
,Cheshire East ,2025,"2,144",53.167931,-2.29299
,Cheshire West and Chester ,2025,"1,982",53.163361,-2.70298
,Chesterfield ,2025,610,53.255749,-1.40115
,Chichester ,2025,648,50.941769,-0.71630001
,Chorley ,2025,737,53.672401,-2.61921
,City of London ,2025,62,51.51564,-0.093510002
,Colchester ,2025,"1,281",51.877022,0.85977697
,Copeland ,2025,380,54.466171,-3.3766401
,Corby ,2025,479,50.450218,-4.64254
,Cornwall ,2025,"3,238",51.772549,-1.97059
,Cotswold ,2025,514,54.685131,-1.8405
,Coventry ,2025,"2,715",52.41423,-1.51908
,Craven ,2025,299,54.053761,-2.16168
,Crawley ,2025,724,51.123569,-0.19532999
,Croydon ,2025,"2,340",51.365971,-0.077610001
,Dacorum ,2025,916,51.768452,-0.55097997
,Darlington ,2025,598,54.535339,-1.56835
,Dartford ,2025,739,51.433731,0.245276
,Derby ,2025,"1,558",52.914639,-1.47189
,Derbyshire Dales ,2025,394,53.12326,-1.70711
,Doncaster ,2025,"1,885",53.52697,-1.10894
,Dorset ,2025,"1,960",50.79697,-2.41467
,Dover ,2025,707,51.211761,1.2768871
,Dudley ,2025,"1,874",52.495129,-2.1017101
,Ealing ,2025,"2,128",51.524422,-0.3141
,East Cambridgeshire ,2025,512,52.35788,0.283149
,East Devon ,2025,784,50.757599,-3.2235899
,East Hampshire ,2025,661,51.057652,-0.93971002
,East Hertfordshire ,2025,878,51.864849,0.002739
,East Lindsey ,2025,741,53.264462,0.020516001
,East Riding of Yorkshire ,2025,"1,848",53.881119,-0.66194999
,East Staffordshire ,2025,727,52.83651,-1.81438
,East Suffolk ,2025,"1,326",52.243992,1.4561861
,Eastbourne ,2025,567,50.773869,0.25851601
,Eastleigh ,2025,778,50.948719,-1.32943
,Eden ,2025,292,54.631069,-2.62678
,Elmbridge ,2025,751,51.360981,-0.39441001
,Enfield ,2025,"2,038",51.648891,-0.081440002
,Epping Forest ,2025,761,51.712791,0.154147
,Epsom and Ewell ,2025,460,51.339451,-0.26172
,Erewash ,2025,682,52.938202,-1.3509001
,Exeter ,2025,925,50.717819,-3.51368
,Fareham ,2025,650,50.853882,-1.23742
,Fenland ,2025,608,52.535439,0.009016
,Folkestone and Hythe ,2025,661,51.072128,1.000795
,Forest of Dean ,2025,489,51.812489,-2.47755
,Fylde ,2025,452,53.797089,-2.9191401
,Gateshead ,2025,"1,224",54.931149,-1.68694
,Gedling ,2025,697,53.024342,-1.1190701
,Gloucester ,2025,802,51.846409,-2.23263
,Gosport ,2025,486,50.806358,-1.16731
,Gravesham ,2025,611,51.396488,0.39874399
,Great Yarmouth ,2025,550,52.684391,1.64951
,Greenwich ,2025,"2,056",51.46394,0.050092999
,Guildford ,2025,958,51.253658,-0.56256998
,Hackney ,2025,"2,079",51.55492,-0.060449999
,Halton ,2025,746,53.33424,-2.68853
,Hambleton ,2025,489,54.30872,-1.34049
,Hammersmith and Fulham ,2025,"1,331",51.487331,-0.21735001
,Harborough ,2025,552,52.537659,-0.90228999
,Haringey ,2025,"1,904",51.587711,-0.1067
,Harlow ,2025,508,51.76614,0.103888
,Harrogate ,2025,860,54.07708,-1.58161
,Harrow ,2025,"1,507",51.594669,-0.33598
,Hart ,2025,571,51.281971,-0.88321
,Hartlepool ,2025,528,54.67614,-1.27018
,Hastings ,2025,538,50.867241,0.57839501
,Havant ,2025,720,50.872311,-1.00398
,Havering ,2025,"1,561",51.565189,0.235368
,"Herefordshire, County of ",2025,"1,109",52.081539,-2.73931
,Hertsmere ,2025,579,51.680168,-0.26899001
,High Peak ,2025,545,53.385689,-1.84398
,Hillingdon ,2025,"1,991",51.53664,-0.44182
,Hinckley and Bosworth ,2025,681,52.608768,-1.41755
,Horsham ,2025,829,51.00272,-0.38126001
,Hounslow ,2025,"1,790",51.462379,-0.37854999
,Huntingdonshire ,2025,"1,069",52.353149,-0.2247
,Hyndburn ,2025,471,53.756481,-2.3896401
,Ipswich ,2025,822,52.05592,1.166145
,Isle of Wight ,2025,761,50.671291,-1.33366
,Isles of Scilly ,2025,9,49.923321,-6.3021698
,Islington ,2025,"1,890",51.54546,-0.10989
,Kensington and Chelsea ,2025,"1,030",51.496479,-0.18977
,King's Lynn and West Norfolk ,2025,813,52.71283,0.533243
,"Kingston upon Hull, City of ",2025,"1,648",53.769199,-0.30382001
,Kingston upon Thames ,2025,"1,155",51.39296,-0.28367001
,Kirklees ,2025,"2,624",53.64233,-1.7808501
,Knowsley ,2025,847,53.437881,-2.8329699
,Lambeth ,2025,"2,464",51.464451,-0.11385
,Lancaster ,2025,895,54.07901,-2.6603
,Leeds ,2025,"4,960",53.822731,-1.50736
,Leicester ,2025,"2,398",52.635921,-1.1303999
,Lewes ,2025,565,50.833408,0.007671
,Lewisham ,2025,"2,166",51.442299,-0.017340001
,Lichfield ,2025,600,52.696152,-1.7604899
,Lincoln ,2025,672,53.219212,-0.55848002
,Liverpool ,2025,"3,373",53.408298,-2.91364
,Luton ,2025,"1,298",51.891022,-0.42319
,Maidstone ,2025,"1,037",51.235661,0.58406103
,Maldon ,2025,360,51.774578,0.77310598
,Malvern Hills ,2025,422,52.16758,-2.3308899
,Manchester ,2025,"3,927",53.470089,-2.2335899
,Mansfield ,2025,662,53.16703,-1.17804
,Medway ,2025,"1,669",51.44772,0.56317401
,Melton ,2025,281,52.803291,-0.85439998
,Mendip ,2025,641,51.194759,-2.54178
,Merton ,2025,"1,308",51.41058,-0.18867999
,Mid Devon ,2025,467,50.86882,-3.5921199
,Mid Suffolk ,2025,596,52.21859,1.096953
,Mid Sussex ,2025,861,51.059528,-0.10272
,Middlesbrough ,2025,816,54.54467,-1.21099
,Milton Keynes ,2025,"1,630",52.072411,-0.74070001
,Mole Valley ,2025,471,51.227489,-0.30603001
,New Forest ,2025,907,50.857479,-1.59293
,Newark and Sherwood ,2025,713,53.1096,-0.94643003
,Newcastle upon Tyne ,2025,"2,024",55.021,-1.65297
,Newcastle-under-Lyme ,2025,808,53.003448,-2.3263099
,Newham ,2025,"2,702",51.53149,0.027261
,North Devon ,2025,544,51.07621,-3.9269099
,North East Derbyshire ,2025,567,53.16243,-1.44253
,North East Lincolnshire ,2025,890,53.52327,-0.13911
,North Hertfordshire ,2025,786,51.957378,-0.22314
,North Kesteven ,2025,664,53.080582,-0.47670001
,North Lincolnshire ,2025,994,53.58643,-0.52407002
,North Norfolk ,2025,534,52.833889,1.132099
,North Somerset ,2025,"1,217",51.39706,-2.75438
,North Tyneside ,2025,"1,224",55.028961,-1.50923
,North Warwickshire ,2025,401,52.564838,-1.6242
,North West Leicestershire ,2025,660,52.7425,-1.4220901
,Northampton ,2025,"1,381",52.25006,-1
,Northumberland ,2025,"1,762",55.300369,-2.0752299
,Norwich ,2025,970,52.640129,1.284979
,Nottingham ,2025,"2,330",52.954189,-1.16667
,Nuneaton and Bedworth ,2025,773,52.500938,-1.47965
,Oadby and Wigston ,2025,310,52.588749,-1.0930001
,Oldham ,2025,"1,429",53.557678,-2.0527401
,Oxford ,2025,"1,049",51.753571,-1.24405
,Oxfordshire ,2025,"4,263",51.74439,-1.23648
,Pendle ,2025,528,53.88636,-2.18957
,Peterborough ,2025,"1,287",52.59214,-0.26874
,Plymouth ,2025,"1,619",50.404942,-4.1129699
,Portsmouth ,2025,"1,466",50.807999,-1.07006
,Preston ,2025,918,53.822021,-2.7180901
,Reading ,2025,"1,080",51.453018,-0.99071002
,Redbridge ,2025,"1,997",51.58588,0.070084997
,Redcar and Cleveland ,2025,762,54.56752,-1.00608
,Redditch ,2025,494,52.285412,-1.9471
,Reigate and Banstead ,2025,883,51.258461,-0.19870999
,Ribble Valley ,2025,343,53.9245,-2.4173999
,Richmond upon Thames ,2025,"1,192",51.44035,-0.28913999
,Richmondshire ,2025,323,54.357609,-1.98552
,Rochdale ,2025,"1,356",53.60741,-2.14784
,Rochford ,2025,511,51.5909,0.683442
,Rossendale ,2025,431,53.68478,-2.2614901
,Rother ,2025,497,50.948711,0.54293698
,Rotherham ,2025,"1,551",53.395531,-1.28651
,Rugby ,2025,661,52.382278,-1.31828
,Runnymede ,2025,560,51.392731,-0.53855002
,Rushcliffe ,2025,722,52.912399,-1.01097
,Rushmoor ,2025,596,51.278149,-0.76806998
,Rutland ,2025,232,52.667648,-0.62629998
,Ryedale ,2025,305,54.200211,-0.84276998
,Salford ,2025,"1,763",53.479271,-2.38485
,Sandwell ,2025,"2,037",52.514771,-2.00771
,Scarborough ,2025,576,54.3465,-0.52778
,Sedgemoor ,2025,686,51.19186,-2.8824601
,Sefton ,2025,"1,494",53.482101,-2.99177
,Selby ,2025,540,53.733269,-1.1290801
,Sevenoaks ,2025,678,51.275631,0.188936
,Sheffield ,2025,"3,853",53.40358,-1.54254
,Shropshire ,2025,"1,887",52.62212,-2.73667
,Slough ,2025,946,51.503502,-0.57617003
,Solihull ,2025,"1,236",52.431,-1.71558
,Somerset West and Taunton ,2025,864,51.06348,-3.3576601
,South Cambridgeshire ,2025,919,52.108051,0.091017
,South Derbyshire ,2025,688,52.824902,-1.5348001
,South Gloucestershire ,2025,"1,829",51.54673,-2.4692199
,South Hams ,2025,460,50.371948,-3.8199601
,South Holland ,2025,551,52.787579,-0.03057
,South Kesteven ,2025,765,52.84885,-0.49564999
,South Lakeland ,2025,558,54.29908,-2.78108
,South Norfolk ,2025,823,52.51218,1.373233
,South Northamptonshire ,2025,558,52.11666,-1.03361
,South Oxfordshire ,2025,817,51.622879,-1.07847
,South Ribble ,2025,627,53.726749,-2.7287099
,South Somerset ,2025,906,50.98399,-2.7758801
,South Staffordshire ,2025,655,52.696918,-2.1549499
,South Tyneside ,2025,872,54.969879,-1.44679
,Southampton ,2025,"1,769",50.9212,-1.39952
,Southend-on-Sea ,2025,"1,102",51.549171,0.70692301
,Southwark ,2025,"2,374",51.465939,-0.073080003
,Spelthorne ,2025,583,51.41552,-0.46254
,St Albans ,2025,837,51.77356,-0.3407
,St. Helens ,2025,"1,067",53.458618,-2.7031
,Stafford ,2025,818,52.847919,-2.1647501
,Staffordshire Moorlands ,2025,549,53.069241,-1.99334
,Stevenage ,2025,535,51.905392,-0.18987
,Stockport ,2025,"1,693",53.391159,-2.12467
,Stockton-on-Tees ,2025,"1,147",54.556911,-1.30664
,Stoke-on-Trent ,2025,"1,599",53.017071,-2.15888
,Stratford-on-Avon ,2025,756,52.161541,-1.63565
,Stroud ,2025,696,51.720009,-2.3081801
,Sunderland ,2025,"1,597",54.857189,-1.43344
,Surrey Heath ,2025,511,51.336102,-0.68985999
,Sutton ,2025,"1,249",51.357552,-0.17226
,Swale ,2025,915,51.32251,0.77689302
,Swindon ,2025,"1,413",51.577629,-1.73367
,Tameside ,2025,"1,357",53.478668,-2.0769999
,Tamworth ,2025,432,52.620312,-1.68451
,Tandridge ,2025,495,51.235809,-0.048050001
,Teignbridge ,2025,760,50.60981,-3.65289
,Telford and Wrekin ,2025,"1,121",52.714169,-2.4894099
,Tendring ,2025,769,51.856739,1.108981
,Test Valley ,2025,731,51.134171,-1.50214
,Tewkesbury ,2025,567,51.934849,-2.19998
,Thanet ,2025,781,51.35252,1.328226
,Three Rivers ,2025,535,51.656319,-0.45005
,Thurrock ,2025,"1,112",51.509979,0.33486101
,Tonbridge and Malling ,2025,780,51.260639,0.34930599
,Torbay ,2025,749,50.470921,-3.5552299
,Torridge ,2025,372,50.907391,-4.2172799
,Tower Hamlets ,2025,"2,682",51.515541,-0.03647
,Trafford ,2025,"1,400",53.41671,-2.36572
,Tunbridge Wells ,2025,693,51.102539,0.471632
,Uttlesford ,2025,541,51.935921,0.294485
,Vale of White Horse ,2025,843,51.65443,-1.48543
,Wakefield ,2025,"2,136",53.659222,-1.42092
,Walsall ,2025,"1,708",52.60503,-1.97044
,Waltham Forest ,2025,"1,894",51.594608,-0.0188
,Wandsworth ,2025,"2,286",51.4524,-0.20021001
,Warrington ,2025,"1,258",53.391628,-2.5616701
,Warwick ,2025,920,52.301418,-1.58369
,Watford ,2025,603,51.6717,-0.40428999
,Waverley ,2025,685,51.15686,-0.62343001
,Wealden ,2025,868,50.93322,0.205156
,Wellingborough ,2025,469,52.3033,-0.67777
,Welwyn Hatfield ,2025,803,51.760872,-0.18517999
,West Devon ,2025,299,50.66481,-4.0336099
,West Lancashire ,2025,635,53.612831,-2.8689301
,West Lindsey ,2025,519,53.40044,-0.50774002
,West Oxfordshire ,2025,630,51.839901,-1.50292
,West Suffolk ,2025,"1,057",52.308418,0.65276903
,Westminster ,2025,"2,004",51.512211,-0.15295
,Wigan,2025,"1,988",53.51445,-2.5724699
,Wiltshire,2025,"2,929",51.328831,-1.92661
,Winchester,2025,714,51.030022,-1.24393
,Windsor and Maidenhead,2025,872,51.480339,-0.67540997
,Wirral,2025,"1,801",53.374779,-3.0670099
,Woking,2025,589,51.308369,-0.57981998
,Wokingham,2025,"1,034",51.422958,-0.89934999
,Wolverhampton,2025,"1,629",52.597881,-2.12746
,Worcester,2025,630,52.19482,-2.2102499
,Worthing,2025,639,50.833099,-0.40127
,Wychavon,2025,748,52.12886,-2.01614
,Wyre Forest,2025,576,53.89991,-2.8035901
,Wyre,2025,595,52.3853,-2.2349401
,York,2025,"1,355",53.96582,-1.07375
,Adur,2030,355,50.845718,-0.32416999
,Allerdale ,2030,521,54.685242,-3.2809
,Amber Valley ,2030,755,53.028839,-1.46219
,Arun ,2030,889,50.843208,-0.64999002
,Ashfield ,2030,799,53.097469,-1.25422
,Ashford ,2030,790,51.130959,0.82337397
,Babergh ,2030,501,52.064499,0.91614902
,Barking and Dagenham ,2030,"1,403",51.545551,0.12947901
,Barnet ,2030,"2,625",51.611069,-0.21819
,Barnsley ,2030,"1,499",53.525768,-1.54925
,Barrow-in-Furness ,2030,360,54.15731,-3.1998999
,Basildon ,2030,"1,121",51.590359,0.47505501
,Basingstoke and Deane ,2030,"1,030",51.259369,-1.22021
,Bassetlaw ,2030,686,53.356041,-0.97869998
,Bath and North East Somerset ,2030,"1,311",51.356041,-2.4865401
,Bedford ,2030,"1,033",52.196281,-0.45462999
,Bexley ,2030,"1,529",51.458221,0.146212
,Birmingham ,2030,"7,392",52.484039,-1.88141
,Blaby ,2030,653,52.577061,-1.1988699
,Blackburn with Darwen ,2030,888,53.700802,-2.4635999
,Blackpool ,2030,783,53.82164,-3.0219901
,Bolsover ,2030,498,53.23875,-1.27228
,Bolton ,2030,"1,686",53.584492,-2.4795201
,Boston ,2030,450,52.97794,-0.11218
,"Bournemouth, Christchurch and Poole ",2030,"2,368",50.74609,-1.84807
,Bracknell Forest ,2030,759,51.411301,-0.73363
,Bradford ,2030,"3,177",53.843819,-1.87389
,Braintree ,2030,862,51.91634,0.57591099
,Breckland ,2030,807,52.594212,0.81871599
,Brent ,2030,"2,246",51.564381,-0.27568001
,Brentwood ,2030,431,51.641079,0.29009101
,Brighton and Hove ,2030,"2,131",50.8465,-0.15079001
,"Bristol, City of ",2030,"3,422",51.471149,-2.57742
,Broadland ,2030,740,52.69622,1.252317
,Bromley ,2030,"1,999",51.372662,0.039246
,Bromsgrove ,2030,603,52.361691,-2.0037601
,Broxbourne ,2030,553,51.720798,-0.050730001
,Broxtowe ,2030,718,52.972099,-1.2594399
,Buckinghamshire ,2030,"3,158",51.769661,-0.80568999
,Burnley ,2030,503,53.774059,-2.2307999
,Bury ,2030,"1,135",53.593102,-2.3088
,Calderdale ,2030,"1,211",53.720482,-1.96182
,Cambridge ,2030,894,52.200169,0.126436
,Camden ,2030,"2,058",51.543049,-0.16291
,Cannock Chase ,2030,637,52.70166,-1.98277
,Canterbury ,2030,"1,049",51.281021,1.096342
,Carlisle ,2030,585,54.978329,-2.80498
,Castle Point ,2030,489,51.561588,0.58808398
,Central Bedfordshire ,2030,"1,786",51.999031,-0.47753999
,Charnwood ,2030,"1,306",52.739899,-1.13694
,Chelmsford ,2030,"1,118",51.735031,0.49117699
,Cheltenham ,2030,707,51.898609,-2.07515
,Cherwell ,2030,932,51.887199,-1.28506
,Cheshire East ,2030,"2,122",53.167931,-2.29299
,Cheshire West and Chester ,2030,"1,982",53.163361,-2.70298
,Chesterfield ,2030,606,53.255749,-1.40115
,Chichester ,2030,646,50.941769,-0.71630001
,Chorley ,2030,746,53.672401,-2.61921
,City of London ,2030,64,51.51564,-0.093510002
,Colchester ,2030,"1,326",51.877022,0.85977697
,Copeland ,2030,356,54.466171,-3.3766401
,Corby ,2030,503,50.450218,-4.64254
,Cornwall ,2030,"3,290",51.772549,-1.97059
,Cotswold ,2030,523,54.685131,-1.8405
,Coventry ,2030,"2,875",52.41423,-1.51908
,Craven ,2030,295,54.053761,-2.16168
,Crawley ,2030,731,51.123569,-0.19532999
,Croydon ,2030,"2,326",51.365971,-0.077610001
,Dacorum ,2030,916,51.768452,-0.55097997
,Darlington ,2030,581,54.535339,-1.56835
,Dartford ,2030,787,51.433731,0.245276
,Derby ,2030,"1,566",52.914639,-1.47189
,Derbyshire Dales ,2030,388,53.12326,-1.70711
,Doncaster ,2030,"1,896",53.52697,-1.10894
,Dorset ,2030,"1,919",50.79697,-2.41467
,Dover ,2030,726,51.211761,1.2768871
,Dudley ,2030,"1,886",52.495129,-2.1017101
,Ealing ,2030,"2,108",51.524422,-0.3141
,East Cambridgeshire ,2030,512,52.35788,0.283149
,East Devon ,2030,809,50.757599,-3.2235899
,East Hampshire ,2030,656,51.057652,-0.93971002
,East Hertfordshire ,2030,879,51.864849,0.002739
,East Lindsey ,2030,737,53.264462,0.020516001
,East Riding of Yorkshire ,2030,"1,815",53.881119,-0.66194999
,East Staffordshire ,2030,734,52.83651,-1.81438
,East Suffolk ,2030,"1,316",52.243992,1.4561861
,Eastbourne ,2030,563,50.773869,0.25851601
,Eastleigh ,2030,785,50.948719,-1.32943
,Eden ,2030,280,54.631069,-2.62678
,Elmbridge ,2030,742,51.360981,-0.39441001
,Enfield ,2030,"2,039",51.648891,-0.081440002
,Epping Forest ,2030,766,51.712791,0.154147
,Epsom and Ewell ,2030,461,51.339451,-0.26172
,Erewash ,2030,674,52.938202,-1.3509001
,Exeter ,2030,953,50.717819,-3.51368
,Fareham ,2030,634,50.853882,-1.23742
,Fenland ,2030,621,52.535439,0.009016
,Folkestone and Hythe ,2030,661,51.072128,1.000795
,Forest of Dean ,2030,486,51.812489,-2.47755
,Fylde ,2030,446,53.797089,-2.9191401
,Gateshead ,2030,"1,216",54.931149,-1.68694
,Gedling ,2030,710,53.024342,-1.1190701
,Gloucester ,2030,806,51.846409,-2.23263
,Gosport ,2030,471,50.806358,-1.16731
,Gravesham ,2030,605,51.396488,0.39874399
,Great Yarmouth ,2030,550,52.684391,1.64951
,Greenwich ,2030,"2,131",51.46394,0.050092999
,Guildford ,2030,953,51.253658,-0.56256998
,Hackney ,2030,"2,130",51.55492,-0.060449999
,Halton ,2030,746,53.33424,-2.68853
,Hambleton ,2030,470,54.30872,-1.34049
,Hammersmith and Fulham ,2030,"1,351",51.487331,-0.21735001
,Harborough ,2030,560,52.537659,-0.90228999
,Haringey ,2030,"1,905",51.587711,-0.1067
,Harlow ,2030,516,51.76614,0.103888
,Harrogate ,2030,823,54.07708,-1.58161
,Harrow ,2030,"1,503",51.594669,-0.33598
,Hart ,2030,565,51.281971,-0.88321
,Hartlepool ,2030,520,54.67614,-1.27018
,Hastings ,2030,528,50.867241,0.57839501
,Havant ,2030,716,50.872311,-1.00398
,Havering ,2030,"1,604",51.565189,0.235368
,"Herefordshire, County of ",2030,"1,100",52.081539,-2.73931
,Hertsmere ,2030,578,51.680168,-0.26899001
,High Peak ,2030,536,53.385689,-1.84398
,Hillingdon ,2030,"2,020",51.53664,-0.44182
,Hinckley and Bosworth ,2030,696,52.608768,-1.41755
,Horsham ,2030,839,51.00272,-0.38126001
,Hounslow ,2030,"1,791",51.462379,-0.37854999
,Huntingdonshire ,2030,"1,065",52.353149,-0.2247
,Hyndburn ,2030,465,53.756481,-2.3896401
,Ipswich ,2030,810,52.05592,1.166145
,Isle of Wight ,2030,747,50.671291,-1.33366
,Isles of Scilly ,2030,9,49.923321,-6.3021698
,Islington ,2030,"1,925",51.54546,-0.10989
,Kensington and Chelsea ,2030,"1,023",51.496479,-0.18977
,King's Lynn and West Norfolk ,2030,801,52.71283,0.533243
,"Kingston upon Hull, City of ",2030,"1,643",53.769199,-0.30382001
,Kingston upon Thames ,2030,"1,171",51.39296,-0.28367001
,Kirklees ,2030,"2,622",53.64233,-1.7808501
,Knowsley ,2030,836,53.437881,-2.8329699
,Lambeth ,2030,"2,473",51.464451,-0.11385
,Lancaster ,2030,906,54.07901,-2.6603
,Leeds ,2030,"5,008",53.822731,-1.50736
,Leicester ,2030,"2,465",52.635921,-1.1303999
,Lewes ,2030,565,50.833408,0.007671
,Lewisham ,2030,"2,216",51.442299,-0.017340001
,Lichfield ,2030,593,52.696152,-1.7604899
,Lincoln ,2030,687,53.219212,-0.55848002
,Liverpool ,2030,"3,447",53.408298,-2.91364
,Luton ,2030,"1,282",51.891022,-0.42319
,Maidstone ,2030,"1,059",51.235661,0.58406103
,Maldon ,2030,358,51.774578,0.77310598
,Malvern Hills ,2030,421,52.16758,-2.3308899
,Manchester ,2030,"4,009",53.470089,-2.2335899
,Mansfield ,2030,664,53.16703,-1.17804
,Medway ,2030,"1,668",51.44772,0.56317401
,Melton ,2030,265,52.803291,-0.85439998
,Mendip ,2030,643,51.194759,-2.54178
,Merton ,2030,"1,306",51.41058,-0.18867999
,Mid Devon ,2030,478,50.86882,-3.5921199
,Mid Suffolk ,2030,594,52.21859,1.096953
,Mid Sussex ,2030,865,51.059528,-0.10272
,Middlesbrough ,2030,804,54.54467,-1.21099
,Milton Keynes ,2030,"1,648",52.072411,-0.74070001
,Mole Valley ,2030,461,51.227489,-0.30603001
,New Forest ,2030,884,50.857479,-1.59293
,Newark and Sherwood ,2030,717,53.1096,-0.94643003
,Newcastle upon Tyne ,2030,"2,049",55.021,-1.65297
,Newcastle-under-Lyme ,2030,816,53.003448,-2.3263099
,Newham ,2030,"2,750",51.53149,0.027261
,North Devon ,2030,545,51.07621,-3.9269099
,North East Derbyshire ,2030,568,53.16243,-1.44253
,North East Lincolnshire ,2030,863,53.52327,-0.13911
,North Hertfordshire ,2030,782,51.957378,-0.22314
,North Kesteven ,2030,665,53.080582,-0.47670001
,North Lincolnshire ,2030,976,53.58643,-0.52407002
,North Norfolk ,2030,532,52.833889,1.132099
,North Somerset ,2030,"1,241",51.39706,-2.75438
,North Tyneside ,2030,"1,226",55.028961,-1.50923
,North Warwickshire ,2030,408,52.564838,-1.6242
,North West Leicestershire ,2030,687,52.7425,-1.4220901
,Northampton ,2030,"1,394",52.25006,-1
,Northumberland ,2030,"1,724",55.300369,-2.0752299
,Norwich ,2030,994,52.640129,1.284979
,Nottingham ,2030,"2,395",52.954189,-1.16667
,Nuneaton and Bedworth ,2030,789,52.500938,-1.47965
,Oadby and Wigston ,2030,314,52.588749,-1.0930001
,Oldham ,2030,"1,456",53.557678,-2.0527401
,Oxford ,2030,"1,059",51.753571,-1.24405
,Oxfordshire ,2030,"4,296",51.74439,-1.23648
,Pendle ,2030,528,53.88636,-2.18957
,Peterborough ,2030,"1,330",52.59214,-0.26874
,Plymouth ,2030,"1,631",50.404942,-4.1129699
,Portsmouth ,2030,"1,480",50.807999,-1.07006
,Preston ,2030,921,53.822021,-2.7180901
,Reading ,2030,"1,083",51.453018,-0.99071002
,Redbridge ,2030,"2,028",51.58588,0.070084997
,Redcar and Cleveland ,2030,747,54.56752,-1.00608
,Redditch ,2030,494,52.285412,-1.9471
,Reigate and Banstead ,2030,892,51.258461,-0.19870999
,Ribble Valley ,2030,341,53.9245,-2.4173999
,Richmond upon Thames ,2030,"1,188",51.44035,-0.28913999
,Richmondshire ,2030,304,54.357609,-1.98552
,Rochdale ,2030,"1,391",53.60741,-2.14784
,Rochford ,2030,517,51.5909,0.683442
,Rossendale ,2030,434,53.68478,-2.2614901
,Rother ,2030,492,50.948711,0.54293698
,Rotherham ,2030,"1,554",53.395531,-1.28651
,Rugby ,2030,675,52.382278,-1.31828
,Runnymede ,2030,564,51.392731,-0.53855002
,Rushcliffe ,2030,743,52.912399,-1.01097
,Rushmoor ,2030,580,51.278149,-0.76806998
,Rutland ,2030,229,52.667648,-0.62629998
,Ryedale ,2030,307,54.200211,-0.84276998
,Salford ,2030,"1,819",53.479271,-2.38485
,Sandwell ,2030,"2,073",52.514771,-2.00771
,Scarborough ,2030,558,54.3465,-0.52778
,Sedgemoor ,2030,685,51.19186,-2.8824601
,Sefton ,2030,"1,475",53.482101,-2.99177
,Selby ,2030,544,53.733269,-1.1290801
,Sevenoaks ,2030,686,51.275631,0.188936
,Sheffield ,2030,"3,939",53.40358,-1.54254
,Shropshire ,2030,"1,880",52.62212,-2.73667
,Slough ,2030,953,51.503502,-0.57617003
,Solihull ,2030,"1,255",52.431,-1.71558
,Somerset West and Taunton ,2030,873,51.06348,-3.3576601
,South Cambridgeshire ,2030,918,52.108051,0.091017
,South Derbyshire ,2030,712,52.824902,-1.5348001
,South Gloucestershire ,2030,"1,893",51.54673,-2.4692199
,South Hams ,2030,459,50.371948,-3.8199601
,South Holland ,2030,562,52.787579,-0.03057
,South Kesteven ,2030,755,52.84885,-0.49564999
,South Lakeland ,2030,550,54.29908,-2.78108
,South Norfolk ,2030,860,52.51218,1.373233
,South Northamptonshire ,2030,573,52.11666,-1.03361
,South Oxfordshire ,2030,819,51.622879,-1.07847
,South Ribble ,2030,618,53.726749,-2.7287099
,South Somerset ,2030,890,50.98399,-2.7758801
,South Staffordshire ,2030,647,52.696918,-2.1549499
,South Tyneside ,2030,863,54.969879,-1.44679
,Southampton ,2030,"1,805",50.9212,-1.39952
,Southend-on-Sea ,2030,"1,114",51.549171,0.70692301
,Southwark ,2030,"2,414",51.465939,-0.073080003
,Spelthorne ,2030,580,51.41552,-0.46254
,St Albans ,2030,830,51.77356,-0.3407
,St. Helens ,2030,"1,067",53.458618,-2.7031
,Stafford ,2030,823,52.847919,-2.1647501
,Staffordshire Moorlands ,2030,542,53.069241,-1.99334
,Stevenage ,2030,537,51.905392,-0.18987
,Stockport ,2030,"1,701",53.391159,-2.12467
,Stockton-on-Tees ,2030,"1,136",54.556911,-1.30664
,Stoke-on-Trent ,2030,"1,617",53.017071,-2.15888
,Stratford-on-Avon ,2030,776,52.161541,-1.63565
,Stroud ,2030,704,51.720009,-2.3081801
,Sunderland ,2030,"1,558",54.857189,-1.43344
,Surrey Heath ,2030,501,51.336102,-0.68985999
,Sutton ,2030,"1,261",51.357552,-0.17226
,Swale ,2030,939,51.32251,0.77689302
,Swindon ,2030,"1,429",51.577629,-1.73367
,Tameside ,2030,"1,360",53.478668,-2.0769999
,Tamworth ,2030,424,52.620312,-1.68451
,Tandridge ,2030,494,51.235809,-0.048050001
,Teignbridge ,2030,765,50.60981,-3.65289
,Telford and Wrekin ,2030,"1,147",52.714169,-2.4894099
,Tendring ,2030,779,51.856739,1.108981
,Test Valley ,2030,731,51.134171,-1.50214
,Tewkesbury ,2030,590,51.934849,-2.19998
,Thanet ,2030,794,51.35252,1.328226
,Three Rivers ,2030,527,51.656319,-0.45005
,Thurrock ,2030,"1,155",51.509979,0.33486101
,Tonbridge and Malling ,2030,796,51.260639,0.34930599
,Torbay ,2030,752,50.470921,-3.5552299
,Torridge ,2030,372,50.907391,-4.2172799
,Tower Hamlets ,2030,"2,817",51.515541,-0.03647
,Trafford ,2030,"1,415",53.41671,-2.36572
,Tunbridge Wells ,2030,692,51.102539,0.471632
,Uttlesford ,2030,547,51.935921,0.294485
,Vale of White Horse ,2030,870,51.65443,-1.48543
,Wakefield ,2030,"2,178",53.659222,-1.42092
,Walsall ,2030,"1,749",52.60503,-1.97044
,Waltham Forest ,2030,"1,921",51.594608,-0.0188
,Wandsworth ,2030,"2,304",51.4524,-0.20021001
,Warrington ,2030,"1,237",53.391628,-2.5616701
,Warwick ,2030,942,52.301418,-1.58369
,Watford ,2030,602,51.6717,-0.40428999
,Waverley ,2030,677,51.15686,-0.62343001
,Wealden ,2030,861,50.93322,0.205156
,Wellingborough ,2030,480,52.3033,-0.67777
,Welwyn Hatfield ,2030,820,51.760872,-0.18517999
,West Devon ,2030,299,50.66481,-4.0336099
,West Lancashire ,2030,627,53.612831,-2.8689301
,West Lindsey ,2030,516,53.40044,-0.50774002
,West Oxfordshire ,2030,624,51.839901,-1.50292
,West Suffolk ,2030,"1,049",52.308418,0.65276903
,Westminster ,2030,"2,050",51.512211,-0.15295
,Wigan,2030,"1,982",53.51445,-2.5724699
,Wiltshire,2030,"2,903",51.328831,-1.92661
,Winchester,2030,717,51.030022,-1.24393
,Windsor and Maidenhead,2030,856,51.480339,-0.67540997
,Wirral,2030,"1,778",53.374779,-3.0670099
,Woking,2030,582,51.308369,-0.57981998
,Wokingham,2030,"1,055",51.422958,-0.89934999
,Wolverhampton,2030,"1,666",52.597881,-2.12746
,Worcester,2030,628,52.19482,-2.2102499
,Worthing,2030,645,50.833099,-0.40127
,Wychavon,2030,763,52.12886,-2.01614
,Wyre Forest,2030,582,53.89991,-2.8035901
,Wyre,2030,586,52.3853,-2.2349401
,York,2030,"1,361",53.96582,-1.07375
,Adur,2035,355,50.845718,-0.32416999
,Allerdale ,2035,507,54.685242,-3.2809
,Amber Valley ,2035,755,53.028839,-1.46219
,Arun ,2035,891,50.843208,-0.64999002
,Ashfield ,2035,816,53.097469,-1.25422
,Ashford ,2035,805,51.130959,0.82337397
,Babergh ,2035,497,52.064499,0.91614902
,Barking and Dagenham ,2035,"1,427",51.545551,0.12947901
,Barnet ,2035,"2,664",51.611069,-0.21819
,Barnsley ,2035,"1,498",53.525768,-1.54925
,Barrow-in-Furness ,2035,348,54.15731,-3.1998999
,Basildon ,2035,"1,135",51.590359,0.47505501
,Basingstoke and Deane ,2035,"1,016",51.259369,-1.22021
,Bassetlaw ,2035,688,53.356041,-0.97869998
,Bath and North East Somerset ,2035,"1,342",51.356041,-2.4865401
,Bedford ,2035,"1,044",52.196281,-0.45462999
,Bexley ,2035,"1,555",51.458221,0.146212
,Birmingham ,2035,"7,532",52.484039,-1.88141
,Blaby ,2035,681,52.577061,-1.1988699
,Blackburn with Darwen ,2035,882,53.700802,-2.4635999
,Blackpool ,2035,776,53.82164,-3.0219901
,Bolsover ,2035,500,53.23875,-1.27228
,Bolton ,2035,"1,691",53.584492,-2.4795201
,Boston ,2035,465,52.97794,-0.11218
,"Bournemouth, Christchurch and Poole ",2035,"2,343",50.74609,-1.84807
,Bracknell Forest ,2035,755,51.411301,-0.73363
,Bradford ,2035,"3,179",53.843819,-1.87389
,Braintree ,2035,852,51.91634,0.57591099
,Breckland ,2035,809,52.594212,0.81871599
,Brent ,2035,"2,266",51.564381,-0.27568001
,Brentwood ,2035,433,51.641079,0.29009101
,Brighton and Hove ,2035,"2,148",50.8465,-0.15079001
,"Bristol, City of ",2035,"3,530",51.471149,-2.57742
,Broadland ,2035,741,52.69622,1.252317
,Bromley ,2035,"2,027",51.372662,0.039246
,Bromsgrove ,2035,617,52.361691,-2.0037601
,Broxbourne ,2035,550,51.720798,-0.050730001
,Broxtowe ,2035,726,52.972099,-1.2594399
,Buckinghamshire ,2035,"3,169",51.769661,-0.80568999
,Burnley ,2035,499,53.774059,-2.2307999
,Bury ,2035,"1,149",53.593102,-2.3088
,Calderdale ,2035,"1,197",53.720482,-1.96182
,Cambridge ,2035,897,52.200169,0.126436
,Camden ,2035,"2,102",51.543049,-0.16291
,Cannock Chase ,2035,639,52.70166,-1.98277
,Canterbury ,2035,"1,061",51.281021,1.096342
,Carlisle ,2035,571,54.978329,-2.80498
,Castle Point ,2035,493,51.561588,0.58808398
,Central Bedfordshire ,2035,"1,808",51.999031,-0.47753999
,Charnwood ,2035,"1,346",52.739899,-1.13694
,Chelmsford ,2035,"1,138",51.735031,0.49117699
,Cheltenham ,2035,708,51.898609,-2.07515
,Cherwell ,2035,934,51.887199,-1.28506
,Cheshire East ,2035,"2,109",53.167931,-2.29299
,Cheshire West and Chester ,2035,"1,993",53.163361,-2.70298
,Chesterfield ,2035,598,53.255749,-1.40115
,Chichester ,2035,635,50.941769,-0.71630001
,Chorley ,2035,755,53.672401,-2.61921
,City of London ,2035,63,51.51564,-0.093510002
,Colchester ,2035,"1,353",51.877022,0.85977697
,Copeland ,2035,339,54.466171,-3.3766401
,Corby ,2035,529,50.450218,-4.64254
,Cornwall ,2035,"3,317",51.772549,-1.97059
,Cotswold ,2035,525,54.685131,-1.8405
,Coventry ,2035,"2,995",52.41423,-1.51908
,Craven ,2035,293,54.053761,-2.16168
,Crawley ,2035,737,51.123569,-0.19532999
,Croydon ,2035,"2,334",51.365971,-0.077610001
,Dacorum ,2035,913,51.768452,-0.55097997
,Darlington ,2035,569,54.535339,-1.56835
,Dartford ,2035,818,51.433731,0.245276
,Derby ,2035,"1,564",52.914639,-1.47189
,Derbyshire Dales ,2035,376,53.12326,-1.70711
,Doncaster ,2035,"1,912",53.52697,-1.10894
,Dorset ,2035,"1,877",50.79697,-2.41467
,Dover ,2035,744,51.211761,1.2768871
,Dudley ,2035,"1,894",52.495129,-2.1017101
,Ealing ,2035,"2,084",51.524422,-0.3141
,East Cambridgeshire ,2035,501,52.35788,0.283149
,East Devon ,2035,822,50.757599,-3.2235899
,East Hampshire ,2035,651,51.057652,-0.93971002
,East Hertfordshire ,2035,876,51.864849,0.002739
,East Lindsey ,2035,738,53.264462,0.020516001
,East Riding of Yorkshire ,2035,"1,781",53.881119,-0.66194999
,East Staffordshire ,2035,739,52.83651,-1.81438
,East Suffolk ,2035,"1,306",52.243992,1.4561861
,Eastbourne ,2035,555,50.773869,0.25851601
,Eastleigh ,2035,795,50.948719,-1.32943
,Eden ,2035,274,54.631069,-2.62678
,Elmbridge ,2035,724,51.360981,-0.39441001
,Enfield ,2035,"2,046",51.648891,-0.081440002
,Epping Forest ,2035,770,51.712791,0.154147
,Epsom and Ewell ,2035,465,51.339451,-0.26172
,Erewash ,2035,674,52.938202,-1.3509001
,Exeter ,2035,976,50.717819,-3.51368
,Fareham ,2035,631,50.853882,-1.23742
,Fenland ,2035,630,52.535439,0.009016
,Folkestone and Hythe ,2035,663,51.072128,1.000795
,Forest of Dean ,2035,483,51.812489,-2.47755
,Fylde ,2035,442,53.797089,-2.9191401
,Gateshead ,2035,"1,212",54.931149,-1.68694
,Gedling ,2035,714,53.024342,-1.1190701
,Gloucester ,2035,811,51.846409,-2.23263
,Gosport ,2035,456,50.806358,-1.16731
,Gravesham ,2035,605,51.396488,0.39874399
,Great Yarmouth ,2035,545,52.684391,1.64951
,Greenwich ,2035,"2,185",51.46394,0.050092999
,Guildford ,2035,947,51.253658,-0.56256998
,Hackney ,2035,"2,183",51.55492,-0.060449999
,Halton ,2035,754,53.33424,-2.68853
,Hambleton ,2035,459,54.30872,-1.34049
,Hammersmith and Fulham ,2035,"1,368",51.487331,-0.21735001
,Harborough ,2035,570,52.537659,-0.90228999
,Haringey ,2035,"1,922",51.587711,-0.1067
,Harlow ,2035,521,51.76614,0.103888
,Harrogate ,2035,797,54.07708,-1.58161
,Harrow ,2035,"1,501",51.594669,-0.33598
,Hart ,2035,562,51.281971,-0.88321
,Hartlepool ,2035,514,54.67614,-1.27018
,Hastings ,2035,520,50.867241,0.57839501
,Havant ,2035,722,50.872311,-1.00398
,Havering ,2035,"1,652",51.565189,0.235368
,"Herefordshire, County of ",2035,"1,094",52.081539,-2.73931
,Hertsmere ,2035,577,51.680168,-0.26899001
,High Peak ,2035,533,53.385689,-1.84398
,Hillingdon ,2035,"2,037",51.53664,-0.44182
,Hinckley and Bosworth ,2035,709,52.608768,-1.41755
,Horsham ,2035,844,51.00272,-0.38126001
,Hounslow ,2035,"1,795",51.462379,-0.37854999
,Huntingdonshire ,2035,"1,069",52.353149,-0.2247
,Hyndburn ,2035,461,53.756481,-2.3896401
,Ipswich ,2035,796,52.05592,1.166145
,Isle of Wight ,2035,734,50.671291,-1.33366
,Isles of Scilly ,2035,5,49.923321,-6.3021698
,Islington ,2035,"1,971",51.54546,-0.10989
,Kensington and Chelsea ,2035,"1,022",51.496479,-0.18977
,King's Lynn and West Norfolk ,2035,795,52.71283,0.533243
,"Kingston upon Hull, City of ",2035,"1,642",53.769199,-0.30382001
,Kingston upon Thames ,2035,"1,180",51.39296,-0.28367001
,Kirklees ,2035,"2,610",53.64233,-1.7808501
,Knowsley ,2035,850,53.437881,-2.8329699
,Lambeth ,2035,"2,516",51.464451,-0.11385
,Lancaster ,2035,908,54.07901,-2.6603
,Leeds ,2035,"5,052",53.822731,-1.50736
,Leicester ,2035,"2,523",52.635921,-1.1303999
,Lewes ,2035,563,50.833408,0.007671
,Lewisham ,2035,"2,256",51.442299,-0.017340001
,Lichfield ,2035,593,52.696152,-1.7604899
,Lincoln ,2035,694,53.219212,-0.55848002
,Liverpool ,2035,"3,529",53.408298,-2.91364
,Luton ,2035,"1,274",51.891022,-0.42319
,Maidstone ,2035,"1,076",51.235661,0.58406103
,Maldon ,2035,358,51.774578,0.77310598
,Malvern Hills ,2035,426,52.16758,-2.3308899
,Manchester ,2035,"4,087",53.470089,-2.2335899
,Mansfield ,2035,671,53.16703,-1.17804
,Medway ,2035,"1,671",51.44772,0.56317401
,Melton ,2035,264,52.803291,-0.85439998
,Mendip ,2035,640,51.194759,-2.54178
,Merton ,2035,"1,307",51.41058,-0.18867999
,Mid Devon ,2035,483,50.86882,-3.5921199
,Mid Suffolk ,2035,588,52.21859,1.096953
,Mid Sussex ,2035,863,51.059528,-0.10272
,Middlesbrough ,2035,801,54.54467,-1.21099
,Milton Keynes ,2035,"1,654",52.072411,-0.74070001
,Mole Valley ,2035,452,51.227489,-0.30603001
,New Forest ,2035,868,50.857479,-1.59293
,Newark and Sherwood ,2035,721,53.1096,-0.94643003
,Newcastle upon Tyne ,2035,"2,073",55.021,-1.65297
,Newcastle-under-Lyme ,2035,821,53.003448,-2.3263099
,Newham ,2035,"2,799",51.53149,0.027261
,North Devon ,2035,544,51.07621,-3.9269099
,North East Derbyshire ,2035,564,53.16243,-1.44253
,North East Lincolnshire ,2035,848,53.52327,-0.13911
,North Hertfordshire ,2035,785,51.957378,-0.22314
,North Kesteven ,2035,669,53.080582,-0.47670001
,North Lincolnshire ,2035,960,53.58643,-0.52407002
,North Norfolk ,2035,528,52.833889,1.132099
,North Somerset ,2035,"1,259",51.39706,-2.75438
,North Tyneside ,2035,"1,233",55.028961,-1.50923
,North Warwickshire ,2035,418,52.564838,-1.6242
,North West Leicestershire ,2035,706,52.7425,-1.4220901
,Northampton ,2035,"1,402",52.25006,-1
,Northumberland ,2035,"1,696",55.300369,-2.0752299
,Norwich ,2035,"1,000",52.640129,1.284979
,Nottingham ,2035,"2,427",52.954189,-1.16667
,Nuneaton and Bedworth ,2035,808,52.500938,-1.47965
,Oadby and Wigston ,2035,314,52.588749,-1.0930001
,Oldham ,2035,"1,470",53.557678,-2.0527401
,Oxford ,2035,"1,055",51.753571,-1.24405
,Oxfordshire ,2035,"4,312",51.74439,-1.23648
,Pendle ,2035,532,53.88636,-2.18957
,Peterborough ,2035,"1,362",52.59214,-0.26874
,Plymouth ,2035,"1,636",50.404942,-4.1129699
,Portsmouth ,2035,"1,486",50.807999,-1.07006
,Preston ,2035,928,53.822021,-2.7180901
,Reading ,2035,"1,088",51.453018,-0.99071002
,Redbridge ,2035,"2,057",51.58588,0.070084997
,Redcar and Cleveland ,2035,744,54.56752,-1.00608
,Redditch ,2035,493,52.285412,-1.9471
,Reigate and Banstead ,2035,892,51.258461,-0.19870999
,Ribble Valley ,2035,338,53.9245,-2.4173999
,Richmond upon Thames ,2035,"1,178",51.44035,-0.28913999
,Richmondshire ,2035,289,54.357609,-1.98552
,Rochdale ,2035,"1,418",53.60741,-2.14784
,Rochford ,2035,522,51.5909,0.683442
,Rossendale ,2035,436,53.68478,-2.2614901
,Rother ,2035,489,50.948711,0.54293698
,Rotherham ,2035,"1,561",53.395531,-1.28651
,Rugby ,2035,697,52.382278,-1.31828
,Runnymede ,2035,560,51.392731,-0.53855002
,Rushcliffe ,2035,755,52.912399,-1.01097
,Rushmoor ,2035,570,51.278149,-0.76806998
,Rutland ,2035,232,52.667648,-0.62629998
,Ryedale ,2035,303,54.200211,-0.84276998
,Salford ,2035,"1,870",53.479271,-2.38485
,Sandwell ,2035,"2,106",52.514771,-2.00771
,Scarborough ,2035,549,54.3465,-0.52778
,Sedgemoor ,2035,688,51.19186,-2.8824601
,Sefton ,2035,"1,471",53.482101,-2.99177
,Selby ,2035,553,53.733269,-1.1290801
,Sevenoaks ,2035,689,51.275631,0.188936
,Sheffield ,2035,"3,982",53.40358,-1.54254
,Shropshire ,2035,"1,876",52.62212,-2.73667
,Slough ,2035,959,51.503502,-0.57617003
,Solihull ,2035,"1,278",52.431,-1.71558
,Somerset West and Taunton ,2035,873,51.06348,-3.3576601
,South Cambridgeshire ,2035,911,52.108051,0.091017
,South Derbyshire ,2035,730,52.824902,-1.5348001
,South Gloucestershire ,2035,"1,958",51.54673,-2.4692199
,South Hams ,2035,457,50.371948,-3.8199601
,South Holland ,2035,572,52.787579,-0.03057
,South Kesteven ,2035,748,52.84885,-0.49564999
,South Lakeland ,2035,540,54.29908,-2.78108
,South Norfolk ,2035,885,52.51218,1.373233
,South Northamptonshire ,2035,577,52.11666,-1.03361
,South Oxfordshire ,2035,816,51.622879,-1.07847
,South Ribble ,2035,610,53.726749,-2.7287099
,South Somerset ,2035,872,50.98399,-2.7758801
,South Staffordshire ,2035,638,52.696918,-2.1549499
,South Tyneside ,2035,864,54.969879,-1.44679
,Southampton ,2035,"1,831",50.9212,-1.39952
,Southend-on-Sea ,2035,"1,131",51.549171,0.70692301
,Southwark ,2035,"2,456",51.465939,-0.073080003
,Spelthorne ,2035,575,51.41552,-0.46254
,St Albans ,2035,823,51.77356,-0.3407
,St. Helens ,2035,"1,077",53.458618,-2.7031
,Stafford ,2035,824,52.847919,-2.1647501
,Staffordshire Moorlands ,2035,530,53.069241,-1.99334
,Stevenage ,2035,537,51.905392,-0.18987
,Stockport ,2035,"1,723",53.391159,-2.12467
,Stockton-on-Tees ,2035,"1,127",54.556911,-1.30664
,Stoke-on-Trent ,2035,"1,635",53.017071,-2.15888
,Stratford-on-Avon ,2035,792,52.161541,-1.63565
,Stroud ,2035,707,51.720009,-2.3081801
,Sunderland ,2035,"1,535",54.857189,-1.43344
,Surrey Heath ,2035,491,51.336102,-0.68985999
,Sutton ,2035,"1,268",51.357552,-0.17226
,Swale ,2035,960,51.32251,0.77689302
,Swindon ,2035,"1,440",51.577629,-1.73367
,Tameside ,2035,"1,374",53.478668,-2.0769999
,Tamworth ,2035,412,52.620312,-1.68451
,Tandridge ,2035,492,51.235809,-0.048050001
,Teignbridge ,2035,777,50.60981,-3.65289
,Telford and Wrekin ,2035,"1,165",52.714169,-2.4894099
,Tendring ,2035,790,51.856739,1.108981
,Test Valley ,2035,729,51.134171,-1.50214
,Tewkesbury ,2035,604,51.934849,-2.19998
,Thanet ,2035,802,51.35252,1.328226
,Three Rivers ,2035,530,51.656319,-0.45005
,Thurrock ,2035,"1,193",51.509979,0.33486101
,Tonbridge and Malling ,2035,804,51.260639,0.34930599
,Torbay ,2035,753,50.470921,-3.5552299
,Torridge ,2035,368,50.907391,-4.2172799
,Tower Hamlets ,2035,"2,935",51.515541,-0.03647
,Trafford ,2035,"1,436",53.41671,-2.36572
,Tunbridge Wells ,2035,686,51.102539,0.471632
,Uttlesford ,2035,558,51.935921,0.294485
,Vale of White Horse ,2035,884,51.65443,-1.48543
,Wakefield ,2035,"2,222",53.659222,-1.42092
,Walsall ,2035,"1,786",52.60503,-1.97044
,Waltham Forest ,2035,"1,941",51.594608,-0.0188
,Wandsworth ,2035,"2,339",51.4524,-0.20021001
,Warrington ,2035,"1,224",53.391628,-2.5616701
,Warwick ,2035,964,52.301418,-1.58369
,Watford ,2035,601,51.6717,-0.40428999
,Waverley ,2035,668,51.15686,-0.62343001
,Wealden ,2035,857,50.93322,0.205156
,Wellingborough ,2035,483,52.3033,-0.67777
,Welwyn Hatfield ,2035,831,51.760872,-0.18517999
,West Devon ,2035,297,50.66481,-4.0336099
,West Lancashire ,2035,619,53.612831,-2.8689301
,West Lindsey ,2035,510,53.40044,-0.50774002
,West Oxfordshire ,2035,618,51.839901,-1.50292
,West Suffolk ,2035,"1,036",52.308418,0.65276903
,Westminster ,2035,"2,081",51.512211,-0.15295
,Wigan,2035,"1,966",53.51445,-2.5724699
,Wiltshire,2035,"2,881",51.328831,-1.92661
,Winchester,2035,713,51.030022,-1.24393
,Windsor and Maidenhead,2035,845,51.480339,-0.67540997
,Wirral,2035,"1,763",53.374779,-3.0670099
,Woking,2035,574,51.308369,-0.57981998
,Wokingham,2035,"1,059",51.422958,-0.89934999
,Wolverhampton,2035,"1,693",52.597881,-2.12746
,Worcester,2035,624,52.19482,-2.2102499
,Worthing,2035,644,50.833099,-0.40127
,Wychavon,2035,779,52.12886,-2.01614
,Wyre Forest,2035,585,53.89991,-2.8035901
,Wyre,2035,574,52.3853,-2.2349401
,York,2035,"1,361",53.96582,-1.07375
,Adur,2040,355,50.845718,-0.32416999
,Allerdale ,2040,503,54.685242,-3.2809
,Amber Valley ,2040,762,53.028839,-1.46219
,Arun ,2040,898,50.843208,-0.64999002
,Ashfield ,2040,831,53.097469,-1.25422
,Ashford ,2040,819,51.130959,0.82337397
,Babergh ,2040,496,52.064499,0.91614902
,Barking and Dagenham ,2040,"1,441",51.545551,0.12947901
,Barnet ,2040,"2,678",51.611069,-0.21819
,Barnsley ,2040,"1,520",53.525768,-1.54925
,Barrow-in-Furness ,2040,345,54.15731,-3.1998999
,Basildon ,2040,"1,151",51.590359,0.47505501
,Basingstoke and Deane ,2040,"1,004",51.259369,-1.22021
,Bassetlaw ,2040,696,53.356041,-0.97869998
,Bath and North East Somerset ,2040,"1,359",51.356041,-2.4865401
,Bedford ,2040,"1,049",52.196281,-0.45462999
,Bexley ,2040,"1,586",51.458221,0.146212
,Birmingham ,2040,"7,607",52.484039,-1.88141
,Blaby ,2040,703,52.577061,-1.1988699
,Blackburn with Darwen ,2040,879,53.700802,-2.4635999
,Blackpool ,2040,774,53.82164,-3.0219901
,Bolsover ,2040,504,53.23875,-1.27228
,Bolton ,2040,"1,696",53.584492,-2.4795201
,Boston ,2040,473,52.97794,-0.11218
,"Bournemouth, Christchurch and Poole ",2040,"2,315",50.74609,-1.84807
,Bracknell Forest ,2040,751,51.411301,-0.73363
,Bradford ,2040,"3,153",53.843819,-1.87389
,Braintree ,2040,852,51.91634,0.57591099
,Breckland ,2040,814,52.594212,0.81871599
,Brent ,2040,"2,262",51.564381,-0.27568001
,Brentwood ,2040,436,51.641079,0.29009101
,Brighton and Hove ,2040,"2,146",50.8465,-0.15079001
,"Bristol, City of ",2040,"3,612",51.471149,-2.57742
,Broadland ,2040,751,52.69622,1.252317
,Bromley ,2040,"2,044",51.372662,0.039246
,Bromsgrove ,2040,632,52.361691,-2.0037601
,Broxbourne ,2040,553,51.720798,-0.050730001
,Broxtowe ,2040,733,52.972099,-1.2594399
,Buckinghamshire ,2040,"3,166",51.769661,-0.80568999
,Burnley ,2040,503,53.774059,-2.2307999
,Bury ,2040,"1,161",53.593102,-2.3088
,Calderdale ,2040,"1,189",53.720482,-1.96182
,Cambridge ,2040,882,52.200169,0.126436
,Camden ,2040,"2,122",51.543049,-0.16291
,Cannock Chase ,2040,649,52.70166,-1.98277
,Canterbury ,2040,"1,058",51.281021,1.096342
,Carlisle ,2040,562,54.978329,-2.80498
,Castle Point ,2040,497,51.561588,0.58808398
,Central Bedfordshire ,2040,"1,832",51.999031,-0.47753999
,Charnwood ,2040,"1,359",52.739899,-1.13694
,Chelmsford ,2040,"1,155",51.735031,0.49117699
,Cheltenham ,2040,710,51.898609,-2.07515
,Cherwell ,2040,943,51.887199,-1.28506
,Cheshire East ,2040,"2,112",53.167931,-2.29299
,Cheshire West and Chester ,2040,"1,999",53.163361,-2.70298
,Chesterfield ,2040,602,53.255749,-1.40115
,Chichester ,2040,632,50.941769,-0.71630001
,Chorley ,2040,761,53.672401,-2.61921
,City of London ,2040,63,51.51564,-0.093510002
,Colchester ,2040,"1,371",51.877022,0.85977697
,Copeland ,2040,333,54.466171,-3.3766401
,Corby ,2040,548,50.450218,-4.64254
,Cornwall ,2040,"3,344",51.772549,-1.97059
,Cotswold ,2040,534,54.685131,-1.8405
,Coventry ,2040,"3,085",52.41423,-1.51908
,Craven ,2040,287,54.053761,-2.16168
,Crawley ,2040,738,51.123569,-0.19532999
,Croydon ,2040,"2,337",51.365971,-0.077610001
,Dacorum ,2040,915,51.768452,-0.55097997
,Darlington ,2040,561,54.535339,-1.56835
,Dartford ,2040,844,51.433731,0.245276
,Derby ,2040,"1,566",52.914639,-1.47189
,Derbyshire Dales ,2040,376,53.12326,-1.70711
,Doncaster ,2040,"1,929",53.52697,-1.10894
,Dorset ,2040,"1,860",50.79697,-2.41467
,Dover ,2040,762,51.211761,1.2768871
,Dudley ,2040,"1,916",52.495129,-2.1017101
,Ealing ,2040,"2,061",51.524422,-0.3141
,East Cambridgeshire ,2040,497,52.35788,0.283149
,East Devon ,2040,840,50.757599,-3.2235899
,East Hampshire ,2040,649,51.057652,-0.93971002
,East Hertfordshire ,2040,876,51.864849,0.002739
,East Lindsey ,2040,738,53.264462,0.020516001
,East Riding of Yorkshire ,2040,"1,764",53.881119,-0.66194999
,East Staffordshire ,2040,747,52.83651,-1.81438
,East Suffolk ,2040,"1,301",52.243992,1.4561861
,Eastbourne ,2040,555,50.773869,0.25851601
,Eastleigh ,2040,803,50.948719,-1.32943
,Eden ,2040,266,54.631069,-2.62678
,Elmbridge ,2040,708,51.360981,-0.39441001
,Enfield ,2040,"2,042",51.648891,-0.081440002
,Epping Forest ,2040,773,51.712791,0.154147
,Epsom and Ewell ,2040,460,51.339451,-0.26172
,Erewash ,2040,680,52.938202,-1.3509001
,Exeter ,2040,983,50.717819,-3.51368
,Fareham ,2040,627,50.853882,-1.23742
,Fenland ,2040,642,52.535439,0.009016
,Folkestone and Hythe ,2040,667,51.072128,1.000795
,Forest of Dean ,2040,489,51.812489,-2.47755
,Fylde ,2040,445,53.797089,-2.9191401
,Gateshead ,2040,"1,212",54.931149,-1.68694
,Gedling ,2040,723,53.024342,-1.1190701
,Gloucester ,2040,821,51.846409,-2.23263
,Gosport ,2040,448,50.806358,-1.16731
,Gravesham ,2040,606,51.396488,0.39874399
,Great Yarmouth ,2040,543,52.684391,1.64951
,Greenwich ,2040,"2,220",51.46394,0.050092999
,Guildford ,2040,932,51.253658,-0.56256998
,Hackney ,2040,"2,224",51.55492,-0.060449999
,Halton ,2040,750,53.33424,-2.68853
,Hambleton ,2040,453,54.30872,-1.34049
,Hammersmith and Fulham ,2040,"1,368",51.487331,-0.21735001
,Harborough ,2040,578,52.537659,-0.90228999
,Haringey ,2040,"1,928",51.587711,-0.1067
,Harlow ,2040,529,51.76614,0.103888
,Harrogate ,2040,785,54.07708,-1.58161
,Harrow ,2040,"1,495",51.594669,-0.33598
,Hart ,2040,556,51.281971,-0.88321
,Hartlepool ,2040,510,54.67614,-1.27018
,Hastings ,2040,510,50.867241,0.57839501
,Havant ,2040,730,50.872311,-1.00398
,Havering ,2040,"1,691",51.565189,0.235368
,"Herefordshire, County of ",2040,"1,100",52.081539,-2.73931
,Hertsmere ,2040,573,51.680168,-0.26899001
,High Peak ,2040,535,53.385689,-1.84398
,Hillingdon ,2040,"2,026",51.53664,-0.44182
,Hinckley and Bosworth ,2040,738,52.608768,-1.41755
,Horsham ,2040,855,51.00272,-0.38126001
,Hounslow ,2040,"1,778",51.462379,-0.37854999
,Huntingdonshire ,2040,"1,071",52.353149,-0.2247
,Hyndburn ,2040,463,53.756481,-2.3896401
,Ipswich ,2040,792,52.05592,1.166145
,Isle of Wight ,2040,727,50.671291,-1.33366
,Isles of Scilly ,2040,7,49.923321,-6.3021698
,Islington ,2040,"2,000",51.54546,-0.10989
,Kensington and Chelsea ,2040,"1,014",51.496479,-0.18977
,King's Lynn and West Norfolk ,2040,789,52.71283,0.533243
,"Kingston upon Hull, City of ",2040,"1,631",53.769199,-0.30382001
,Kingston upon Thames ,2040,"1,173",51.39296,-0.28367001
,Kirklees ,2040,"2,595",53.64233,-1.7808501
,Knowsley ,2040,869,53.437881,-2.8329699
,Lambeth ,2040,"2,557",51.464451,-0.11385
,Lancaster ,2040,902,54.07901,-2.6603
,Leeds ,2040,"5,055",53.822731,-1.50736
,Leicester ,2040,"2,542",52.635921,-1.1303999
,Lewes ,2040,561,50.833408,0.007671
,Lewisham ,2040,"2,288",51.442299,-0.017340001
,Lichfield ,2040,597,52.696152,-1.7604899
,Lincoln ,2040,692,53.219212,-0.55848002
,Liverpool ,2040,"3,594",53.408298,-2.91364
,Luton ,2040,"1,261",51.891022,-0.42319
,Maidstone ,2040,"1,093",51.235661,0.58406103
,Maldon ,2040,364,51.774578,0.77310598
,Malvern Hills ,2040,430,52.16758,-2.3308899
,Manchester ,2040,"4,130",53.470089,-2.2335899
,Mansfield ,2040,679,53.16703,-1.17804
,Medway ,2040,"1,681",51.44772,0.56317401
,Melton ,2040,261,52.803291,-0.85439998
,Mendip ,2040,644,51.194759,-2.54178
,Merton ,2040,"1,302",51.41058,-0.18867999
,Mid Devon ,2040,493,50.86882,-3.5921199
,Mid Suffolk ,2040,592,52.21859,1.096953
,Mid Sussex ,2040,865,51.059528,-0.10272
,Middlesbrough ,2040,797,54.54467,-1.21099
,Milton Keynes ,2040,"1,647",52.072411,-0.74070001
,Mole Valley ,2040,446,51.227489,-0.30603001
,New Forest ,2040,857,50.857479,-1.59293
,Newark and Sherwood ,2040,729,53.1096,-0.94643003
,Newcastle upon Tyne ,2040,"2,069",55.021,-1.65297
,Newcastle-under-Lyme ,2040,829,53.003448,-2.3263099
,Newham ,2040,"2,830",51.53149,0.027261
,North Devon ,2040,548,51.07621,-3.9269099
,North East Derbyshire ,2040,567,53.16243,-1.44253
,North East Lincolnshire ,2040,831,53.52327,-0.13911
,North Hertfordshire ,2040,785,51.957378,-0.22314
,North Kesteven ,2040,679,53.080582,-0.47670001
,North Lincolnshire ,2040,954,53.58643,-0.52407002
,North Norfolk ,2040,530,52.833889,1.132099
,North Somerset ,2040,"1,286",51.39706,-2.75438
,North Tyneside ,2040,"1,241",55.028961,-1.50923
,North Warwickshire ,2040,426,52.564838,-1.6242
,North West Leicestershire ,2040,728,52.7425,-1.4220901
,Northampton ,2040,"1,395",52.25006,-1
,Northumberland ,2040,"1,690",55.300369,-2.0752299
,Norwich ,2040,"1,000",52.640129,1.284979
,Nottingham ,2040,"2,423",52.954189,-1.16667
,Nuneaton and Bedworth ,2040,831,52.500938,-1.47965
,Oadby and Wigston ,2040,316,52.588749,-1.0930001
,Oldham ,2040,"1,492",53.557678,-2.0527401
,Oxford ,2040,"1,035",51.753571,-1.24405
,Oxfordshire ,2040,"4,309",51.74439,-1.23648
,Pendle ,2040,531,53.88636,-2.18957
,Peterborough ,2040,"1,381",52.59214,-0.26874
,Plymouth ,2040,"1,629",50.404942,-4.1129699
,Portsmouth ,2040,"1,474",50.807999,-1.07006
,Preston ,2040,927,53.822021,-2.7180901
,Reading ,2040,"1,073",51.453018,-0.99071002
,Redbridge ,2040,"2,065",51.58588,0.070084997
,Redcar and Cleveland ,2040,740,54.56752,-1.00608
,Redditch ,2040,499,52.285412,-1.9471
,Reigate and Banstead ,2040,894,51.258461,-0.19870999
,Ribble Valley ,2040,337,53.9245,-2.4173999
,Richmond upon Thames ,2040,"1,159",51.44035,-0.28913999
,Richmondshire ,2040,283,54.357609,-1.98552
,Rochdale ,2040,"1,450",53.60741,-2.14784
,Rochford ,2040,533,51.5909,0.683442
,Rossendale ,2040,442,53.68478,-2.2614901
,Rother ,2040,487,50.948711,0.54293698
,Rotherham ,2040,"1,579",53.395531,-1.28651
,Rugby ,2040,713,52.382278,-1.31828
,Runnymede ,2040,561,51.392731,-0.53855002
,Rushcliffe ,2040,773,52.912399,-1.01097
,Rushmoor ,2040,567,51.278149,-0.76806998
,Rutland ,2040,231,52.667648,-0.62629998
,Ryedale ,2040,305,54.200211,-0.84276998
,Salford ,2040,"1,917",53.479271,-2.38485
,Sandwell ,2040,"2,135",52.514771,-2.00771
,Scarborough ,2040,543,54.3465,-0.52778
,Sedgemoor ,2040,694,51.19186,-2.8824601
,Sefton ,2040,"1,479",53.482101,-2.99177
,Selby ,2040,559,53.733269,-1.1290801
,Sevenoaks ,2040,697,51.275631,0.188936
,Sheffield ,2040,"4,022",53.40358,-1.54254
,Shropshire ,2040,"1,892",52.62212,-2.73667
,Slough ,2040,949,51.503502,-0.57617003
,Solihull ,2040,"1,308",52.431,-1.71558
,Somerset West and Taunton ,2040,884,51.06348,-3.3576601
,South Cambridgeshire ,2040,908,52.108051,0.091017
,South Derbyshire ,2040,750,52.824902,-1.5348001
,South Gloucestershire ,2040,"2,024",51.54673,-2.4692199
,South Hams ,2040,465,50.371948,-3.8199601
,South Holland ,2040,581,52.787579,-0.03057
,South Kesteven ,2040,749,52.84885,-0.49564999
,South Lakeland ,2040,539,54.29908,-2.78108
,South Norfolk ,2040,908,52.51218,1.373233
,South Northamptonshire ,2040,592,52.11666,-1.03361
,South Oxfordshire ,2040,813,51.622879,-1.07847
,South Ribble ,2040,606,53.726749,-2.7287099
,South Somerset ,2040,862,50.98399,-2.7758801
,South Staffordshire ,2040,638,52.696918,-2.1549499
,South Tyneside ,2040,873,54.969879,-1.44679
,Southampton ,2040,"1,826",50.9212,-1.39952
,Southend-on-Sea ,2040,"1,140",51.549171,0.70692301
,Southwark ,2040,"2,494",51.465939,-0.073080003
,Spelthorne ,2040,569,51.41552,-0.46254
,St Albans ,2040,812,51.77356,-0.3407
,St. Helens ,2040,"1,087",53.458618,-2.7031
,Stafford ,2040,827,52.847919,-2.1647501
,Staffordshire Moorlands ,2040,528,53.069241,-1.99334
,Stevenage ,2040,540,51.905392,-0.18987
,Stockport ,2040,"1,748",53.391159,-2.12467
,Stockton-on-Tees ,2040,"1,117",54.556911,-1.30664
,Stoke-on-Trent ,2040,"1,648",53.017071,-2.15888
,Stratford-on-Avon ,2040,814,52.161541,-1.63565
,Stroud ,2040,713,51.720009,-2.3081801
,Sunderland ,2040,"1,525",54.857189,-1.43344
,Surrey Heath ,2040,484,51.336102,-0.68985999
,Sutton ,2040,"1,268",51.357552,-0.17226
,Swale ,2040,985,51.32251,0.77689302
,Swindon ,2040,"1,440",51.577629,-1.73367
,Tameside ,2040,"1,391",53.478668,-2.0769999
,Tamworth ,2040,412,52.620312,-1.68451
,Tandridge ,2040,488,51.235809,-0.048050001
,Teignbridge ,2040,794,50.60981,-3.65289
,Telford and Wrekin ,2040,"1,179",52.714169,-2.4894099
,Tendring ,2040,804,51.856739,1.108981
,Test Valley ,2040,736,51.134171,-1.50214
,Tewkesbury ,2040,620,51.934849,-2.19998
,Thanet ,2040,810,51.35252,1.328226
,Three Rivers ,2040,523,51.656319,-0.45005
,Thurrock ,2040,"1,218",51.509979,0.33486101
,Tonbridge and Malling ,2040,820,51.260639,0.34930599
,Torbay ,2040,760,50.470921,-3.5552299
,Torridge ,2040,370,50.907391,-4.2172799
,Tower Hamlets ,2040,"3,003",51.515541,-0.03647
,Trafford ,2040,"1,456",53.41671,-2.36572
,Tunbridge Wells ,2040,686,51.102539,0.471632
,Uttlesford ,2040,564,51.935921,0.294485
,Vale of White Horse ,2040,896,51.65443,-1.48543
,Wakefield ,2040,"2,276",53.659222,-1.42092
,Walsall ,2040,"1,823",52.60503,-1.97044
,Waltham Forest ,2040,"1,961",51.594608,-0.0188
,Wandsworth ,2040,"2,360",51.4524,-0.20021001
,Warrington ,2040,"1,217",53.391628,-2.5616701
,Warwick ,2040,980,52.301418,-1.58369
,Watford ,2040,601,51.6717,-0.40428999
,Waverley ,2040,654,51.15686,-0.62343001
,Wealden ,2040,852,50.93322,0.205156
,Wellingborough ,2040,483,52.3033,-0.67777
,Welwyn Hatfield ,2040,834,51.760872,-0.18517999
,West Devon ,2040,298,50.66481,-4.0336099
,West Lancashire ,2040,614,53.612831,-2.8689301
,West Lindsey ,2040,515,53.40044,-0.50774002
,West Oxfordshire ,2040,617,51.839901,-1.50292
,West Suffolk ,2040,"1,042",52.308418,0.65276903
,Westminster ,2040,"2,095",51.512211,-0.15295
,Wigan,2040,"1,968",53.51445,-2.5724699
,Wiltshire,2040,"2,872",51.328831,-1.92661
,Winchester,2040,706,51.030022,-1.24393
,Windsor and Maidenhead,2040,833,51.480339,-0.67540997
,Wirral,2040,"1,770",53.374779,-3.0670099
,Woking,2040,564,51.308369,-0.57981998
,Wokingham,2040,"1,062",51.422958,-0.89934999
,Wolverhampton,2040,"1,716",52.597881,-2.12746
,Worcester,2040,621,52.19482,-2.2102499
,Worthing,2040,646,50.833099,-0.40127
,Wychavon,2040,797,52.12886,-2.01614
,Wyre Forest,2040,587,53.89991,-2.8035901
,Wyre,2040,578,52.3853,-2.2349401
,York,2040,"1,353",53.96582,-1.07375
